"Player","Nation","Pos","Squad","Age","MP","Min","Gls.","Ast","CrdY","Gls","Ast.1","G.A","xG","xA","xG.1","xA.1","SCA.","SCA90","PassLive","PassDead","GCA","GCA90","PassLive.1","PassDead.1","Touches","Att.3rd","Succ","Att","Succ.","X.PDP","Megs"
"A.J. DeLaGarza","gu GUM","DF","Houston",31,23,"1,995",0,1,5,0,0.05,0.05,0.2,0.5,0.01,0.02,14,0.63,13,1,1,0.05,1,0,1202,265,6,9,66.7,6,1
"Aaron Herrera","us USA","DF","Real Salt Lake",21,32,"2,767",0,3,7,0,0.1,0.1,0.6,2.3,0.02,0.08,50,1.63,45,1,6,0.2,5,0,1937,484,37,62,59.7,39,2
"Aaron Long","us USA","DF","NY Red Bulls",26,24,"2,115",2,0,3,0.09,0,0.09,1.6,0.5,0.07,0.02,7,0.3,7,0,1,0.04,1,0,1154,72,2,2,100,2,0
"Abu Danladi","gh GHA","FW,MF","Minnesota",23,24,"703",2,2,3,0.26,0.26,0.51,2.3,1.5,0.29,0.19,15,1.92,13,0,3,0.38,2,0,326,198,9,20,45,11,1
"Adam Lundqvist","se SWE","DF","Houston",24,28,"2,386",0,3,4,0,0.11,0.11,0.2,4.4,0.01,0.17,55,2.07,32,16,7,0.26,5,1,1645,561,24,42,57.1,27,3
"Adama Diomande","no NOR","FW","Los Angeles FC",28,25,"1,435",8,5,1,0.5,0.31,0.82,9.5,3.4,0.6,0.21,51,3.2,30,0,12,0.75,9,0,589,360,43,68,63.2,44,2
"Adrien Perez","us USA","FW","Los Angeles FC",23,12,"205",1,0,0,0.44,0,0.44,1.4,0.2,0.64,0.09,6,2.63,5,0,0,0,0,0,136,91,9,13,69.2,10,1
"Albert Rusnák","sk SVK","MF,FW","Real Salt Lake",24,29,"2,457",10,3,2,0.37,0.11,0.48,8.5,4.3,0.31,0.16,114,4.18,78,22,11,0.4,7,1,1512,664,42,55,76.4,43,0
"Alberth Elis","hn HON","FW,MF","Houston",22,26,"1,920",9,8,6,0.42,0.37,0.8,10.1,7.2,0.47,0.34,74,3.47,49,0,17,0.8,9,0,949,604,50,119,42,57,7
"Alejandro Bedoya","us USA","MF","Philadelphia",31,32,"2,834",4,3,6,0.13,0.1,0.22,2.1,3,0.07,0.09,68,2.16,62,1,7,0.22,5,0,1941,712,18,28,64.3,23,2
"Alejandro Pozuelo","es ESP","MF,FW","Toronto FC",27,30,"2,523",12,7,5,0.43,0.25,0.68,8.8,7.6,0.31,0.27,132,4.71,93,23,12,0.43,9,1,2236,1199,69,108,63.9,74,5
"Aleksandar Katai","rs SRB","FW,MF","Chicago",27,29,"2,105",6,6,3,0.26,0.26,0.51,5.7,8.5,0.24,0.36,102,4.36,63,7,12,0.51,7,1,1358,864,83,140,59.3,92,6
"Alex Crognale","us USA","DF","Columbus",24,12,"881",0,0,5,0,0,0,1,0,0.11,0,4,0.41,4,0,1,0.1,1,0,477,14,0,2,0,1,0
"Alex Muyl","us USA","FW,DF","NY Red Bulls",23,24,"1,401",3,2,4,0.19,0.13,0.32,3,2.5,0.2,0.16,31,1.99,24,0,4,0.26,4,0,853,386,24,42,57.1,27,3
"Alexander Callens","pe PER","DF","NYCFC",26,24,"2,160",0,0,3,0,0,0,0.8,0.1,0.04,0.01,12,0.52,8,0,0,0,0,0,1630,79,4,5,80,4,0
"Alexander Ring","fi FIN","MF","NYCFC",27,31,"2,790",4,4,12,0.13,0.13,0.26,3.3,2.3,0.11,0.08,58,1.93,49,4,7,0.23,6,0,2336,311,18,30,60,19,3
"Alexandru Mitri??","ro ROU","FW,MF","NYCFC",23,29,"2,135",12,2,2,0.51,0.08,0.59,7.7,3.5,0.32,0.15,96,4.05,51,11,10,0.42,5,0,1155,636,67,97,69.1,69,2
"Ali Adnan Kadhim","iq IRQ","DF","Vancouver",25,28,"2,412",1,3,6,0.04,0.11,0.15,2.4,1.9,0.09,0.07,65,2.43,37,7,7,0.26,4,1,1879,523,69,103,67,77,4
"Allan Cruz","cr CRC","MF,FW","FC Cincinnati",22,22,"1,744",7,0,5,0.36,0,0.36,4.9,0.9,0.25,0.05,26,1.34,19,1,1,0.05,1,0,742,276,10,25,40,11,0
"Amro Tarek","eg EGY","DF","NY Red Bulls",26,20,"1,476",1,1,6,0.06,0.06,0.12,0.9,1.1,0.05,0.07,14,0.85,11,0,3,0.18,2,0,681,72,1,2,50,1,0
"André Horta","pt POR","MF","Los Angeles FC",22,4,"184",0,0,1,0,0,0,0.2,0.1,0.11,0.03,6,2.93,6,0,0,0,0,0,145,61,1,3,33.3,2,0
"Andre Shinyashiki","br BRA","FW,MF","Colorado",23,31,"1,670",7,3,3,0.38,0.16,0.54,6.5,3.3,0.35,0.18,61,3.29,38,0,8,0.43,2,0,818,382,55,79,69.6,57,5
"Andreas Ivan","ro ROU","FW,MF","NY Red Bulls",24,12,"485",1,2,0,0.19,0.37,0.56,1.2,0.5,0.22,0.09,10,1.86,8,1,2,0.37,2,0,264,145,8,18,44.4,9,0
"Andrés Flores","sv SLV","MF","Portland",28,15,"779",0,1,0,0,0.12,0.12,0.5,0.1,0.06,0.01,7,0.81,7,0,1,0.12,1,0,434,138,5,9,55.6,6,1
"Andrés Ríos","ar ARG","MF,FW","San Jose",29,10,"263",1,0,1,0.34,0,0.34,0.6,0.7,0.21,0.24,16,5.48,13,0,0,0,0,0,188,92,6,9,66.7,6,1
"Andreu Fontàs","es ESP","DF","Sporting KC",29,13,"965",0,0,2,0,0,0,0.4,0.1,0.04,0.01,13,1.21,10,0,0,0,0,0,904,35,3,3,100,3,0
"Andrew Gutman","us USA","DF","FC Cincinnati",22,8,"480",0,1,2,0,0.19,0.19,0.2,0.3,0.03,0.05,8,1.5,7,0,2,0.37,2,0,352,82,7,15,46.7,8,0
"Andy Rose","au AUS","MF,DF","Vancouver",28,24,"1,849",1,1,2,0.05,0.05,0.1,1.6,0,0.08,0,13,0.63,9,0,2,0.1,1,0,1070,109,4,4,100,4,0
"Angelo Rodríguez","co COL","FW","Minnesota",29,28,"1,752",5,1,2,0.26,0.05,0.31,10.2,1.9,0.52,0.1,48,2.47,29,0,6,0.31,1,0,623,354,17,33,51.5,19,4
"Aníbal Godoy","pa PAN","MF","San Jose",28,15,"1,344",0,1,8,0,0.07,0.07,0.2,0.9,0.01,0.06,27,1.81,26,0,2,0.13,2,0,993,127,8,14,57.1,8,0
"Anthony Fontana","us USA","MF,FW","Philadelphia",19,8,"119",1,0,0,0.76,0,0.76,0.5,0,0.41,0,4,3.03,4,0,1,0.76,1,0,97,37,3,5,60,3,0
"Anthony Jackson-Hamel","ca CAN","FW","Montreal",25,16,"617",3,0,0,0.44,0,0.44,1.8,0.7,0.26,0.1,15,2.19,8,0,3,0.44,0,0,205,109,4,6,66.7,4,1
"Anton Tinnerholm","se SWE","DF","NYCFC",27,30,"2,633",1,7,4,0.03,0.24,0.27,3.2,3.5,0.11,0.12,80,2.83,56,5,12,0.42,11,0,1808,564,30,50,60,32,4
"Antonio Delamea Mlinar","si SVN","DF","New England",27,17,"1,365",2,1,7,0.13,0.07,0.2,1.1,0.1,0.07,0,5,0.33,3,0,2,0.13,1,0,752,23,4,4,100,4,0
"Artur","br BRA","MF","Columbus",22,30,"2,452",0,0,4,0,0,0,0.4,0.4,0.02,0.02,33,1.21,30,0,1,0.04,1,0,1831,295,26,36,72.2,26,3
"Auro","br BRA","DF","Toronto FC",23,23,"1,889",0,3,0,0,0.14,0.14,0.2,3,0.01,0.14,36,1.72,28,2,4,0.19,3,0,1598,519,30,48,62.5,31,4
"Auston Trusty","us USA","DF","Philadelphia",20,22,"1,965",1,0,5,0.05,0,0.05,1,0.3,0.05,0.01,13,0.6,12,0,0,0,0,0,1315,50,7,12,58.3,8,0
"Ayo Akinola","us USA","FW,MF","Toronto FC",19,8,"253",1,0,1,0.36,0,0.36,1.3,0.1,0.45,0.03,7,2.49,5,0,2,0.71,1,0,100,67,2,4,50,2,0
"Bacary Sagna","fr FRA","DF","Montreal",35,26,"2,179",1,2,7,0.04,0.08,0.12,0.8,2.3,0.03,0.09,45,1.86,42,1,8,0.33,7,0,1741,558,15,23,65.2,16,0
"Bastian Schweinsteiger","de GER","DF,MF","Chicago",34,30,"2,676",1,3,10,0.03,0.1,0.13,1.1,1.5,0.04,0.05,35,1.22,31,0,4,0.14,3,0,2062,247,19,24,79.2,21,1
"Benji Michel","ht HAI","FW,MF","Orlando City",21,17,"943",5,1,0,0.48,0.1,0.57,2.8,0.5,0.27,0.04,15,1.43,11,0,2,0.19,1,0,345,175,19,38,50,22,1
"Benny Feilhaber","us USA","MF","Sporting KC",34,17,"1,104",2,1,3,0.16,0.08,0.24,1.7,1.5,0.14,0.13,27,2.2,21,3,1,0.08,1,0,387,105,13,20,65,13,1
"Bill Tuiloma","nz NZL","DF","Portland",23,25,"1,917",1,0,1,0.05,0,0.05,1.4,0.1,0.06,0,9,0.42,6,0,0,0,0,0,1099,63,5,7,71.4,5,0
"Bojan Krki?","es ESP","MF,FW","Montreal",28,8,"608",3,0,0,0.44,0,0.44,2.2,0.6,0.33,0.09,21,3.11,11,0,0,0,0,0,300,173,24,37,64.9,25,1
"Boniek García","hn HON","MF","Houston",34,32,"2,584",0,1,5,0,0.03,0.03,0.8,1.8,0.03,0.06,76,2.65,69,2,5,0.17,5,0,1650,453,33,47,70.2,33,2
"Botond Baráth","hu HUN","DF","Sporting KC",26,21,"1,748",1,0,6,0.05,0,0.05,1,0.3,0.05,0.01,6,0.31,4,0,1,0.05,0,0,1199,30,6,6,100,6,0
"Bradley Wright-Phillips","eng ENG","FW","NY Red Bulls",33,24,"1,098",2,1,3,0.16,0.08,0.25,3.6,1.8,0.3,0.14,24,1.97,19,0,3,0.25,2,0,493,284,10,18,55.6,10,0
"Brandon Bye","us USA","DF","New England",23,30,"2,656",2,2,6,0.07,0.07,0.14,1.4,2.8,0.05,0.09,47,1.59,39,2,4,0.14,3,1,1706,561,21,53,39.6,23,3
"Brandon Servania","us USA","MF","FC Dallas",19,18,"1,119",2,1,2,0.16,0.08,0.24,2.3,0.6,0.18,0.05,33,2.65,23,0,4,0.32,3,0,732,189,13,18,72.2,13,0
"Brandon Vazquez","us USA","FW","Atlanta",20,11,"637",2,1,1,0.28,0.14,0.42,3.3,1.1,0.46,0.15,15,2.12,11,0,3,0.42,1,0,259,147,10,16,62.5,11,1
"Brandt Bronico","us USA","MF,DF","Chicago",23,29,"1,863",1,2,2,0.05,0.1,0.14,0.6,2,0.03,0.09,30,1.45,24,1,5,0.24,3,0,1117,410,19,33,57.6,21,1
"Brenden Aaronson","us USA","MF,FW","Philadelphia",18,28,"1,723",3,1,3,0.16,0.05,0.21,3.7,2.2,0.19,0.11,46,2.4,37,3,3,0.16,3,0,894,504,23,48,47.9,25,1
"Brent Kallman","us USA","DF","Minnesota",28,16,"1,281",0,1,2,0,0.07,0.07,0.1,0.6,0.01,0.04,4,0.28,4,0,1,0.07,1,0,747,12,1,1,100,1,0
"Bressan","br BRA","DF","FC Dallas",26,18,"1,118",1,1,1,0.08,0.08,0.16,0.3,0.4,0.02,0.04,16,1.29,14,2,1,0.08,1,0,884,122,4,9,44.4,5,1
"Brett Levis","ca CAN","DF,FW","Vancouver",25,9,"330",0,0,1,0,0,0,0.1,0.5,0.02,0.14,10,2.73,8,0,1,0.27,1,0,206,67,3,9,33.3,3,0
"Brian Fernández","ar ARG","FW","Portland",24,19,"1,410",11,1,4,0.7,0.06,0.77,8.4,2.6,0.54,0.17,39,2.49,29,0,2,0.13,1,0,464,305,19,34,55.9,21,2
"Brian White","us USA","FW","NY Red Bulls",22,19,"1,345",8,1,1,0.54,0.07,0.6,6.3,1.1,0.42,0.08,26,1.74,23,0,8,0.54,5,0,501,295,5,18,27.8,7,1
"Brooks Lennon","us USA","DF,FW","Real Salt Lake",21,28,"1,536",0,1,3,0,0.06,0.06,1,1.6,0.06,0.09,35,2.05,32,0,1,0.06,1,0,1083,357,24,34,70.6,25,0
"Bryan Acosta","hn HON","MF","FC Dallas",25,26,"2,074",2,1,12,0.09,0.04,0.13,2,2.3,0.09,0.1,54,2.34,39,11,2,0.09,1,1,1887,308,24,37,64.9,26,0
"C.J. Sapong","us USA","FW","Chicago",30,32,"2,551",13,1,3,0.46,0.04,0.49,11,2,0.4,0.07,55,2.01,38,0,11,0.4,3,0,926,446,25,40,62.5,29,2
"Carles Gil","es ESP","MF,FW","New England",26,34,"3,055",10,12,5,0.29,0.35,0.65,7.8,8.5,0.23,0.25,173,5.1,119,32,20,0.59,15,4,2489,1206,89,140,63.6,95,4
"Carlos Ascues","pe PER","MF,DF","Orlando City",26,17,"1,113",1,1,2,0.08,0.08,0.16,1.3,0.9,0.11,0.08,10,0.81,9,0,1,0.08,1,0,568,140,20,25,80,23,1
"Carlos Fierro","mx MEX","FW,MF","San Jose",24,7,"226",0,0,0,0,0,0,1.1,0,0.43,0.01,6,2.39,3,0,0,0,0,0,117,71,2,5,40,2,0
"Carlos Gruezo","ec ECU","MF","FC Dallas",23,9,"784",1,0,1,0.11,0,0.11,0.6,0.2,0.07,0.02,10,1.15,8,0,0,0,0,0,624,68,5,9,55.6,6,0
"Carlos Vela","mx MEX","FW","Los Angeles FC",29,31,"2,726",34,10,1,1.12,0.33,1.45,25.3,11.7,0.83,0.38,180,5.94,93,34,27,0.89,10,6,1675,1196,101,168,60.1,107,13
"Chase Gasper","us USA","DF","Minnesota",23,15,"1,292",0,0,7,0,0,0,0.3,0.5,0.02,0.03,23,1.6,19,1,1,0.07,1,0,844,223,22,25,88,23,0
"Chris Durkin","us USA","MF","D.C. United",18,13,"635",1,0,1,0.14,0,0.14,0.1,0.3,0.02,0.05,7,0.99,4,1,0,0,0,0,470,68,5,10,50,7,1
"Chris Pontius","us USA","FW","LA Galaxy",31,18,"694",2,2,0,0.26,0.26,0.52,2.6,1.9,0.34,0.24,17,2.2,15,0,3,0.39,2,0,378,211,7,10,70,8,1
"Chris Wondolowski","us USA","FW","San Jose",36,32,"1,982",15,2,3,0.68,0.09,0.77,14.3,2,0.65,0.09,43,1.95,34,0,3,0.14,2,0,575,329,6,14,42.9,6,0
"Christian Ramirez","us USA","FW","Los Angeles FC",27,17,"956",4,2,0,0.38,0.19,0.56,5.8,1.5,0.54,0.14,20,1.88,17,0,5,0.47,3,0,252,130,5,8,62.5,5,0
"Christopher Mueller","us USA","FW,MF","Orlando City",22,29,"1,369",5,3,1,0.33,0.2,0.53,2.3,3.4,0.15,0.22,49,3.22,33,5,7,0.46,5,0,914,561,37,69,53.6,41,2
"Claude Dielna","GPE","DF","Portland",31,15,"1,085",0,0,3,0,0,0,1.2,0.1,0.1,0.01,10,0.83,9,1,0,0,0,0,763,40,3,4,75,3,0
"Clement Bayiha","ca CAN","FW,MF","Montreal",19,11,"469",0,1,0,0,0.19,0.19,0.1,0.5,0.02,0.1,10,1.92,9,0,1,0.19,1,0,254,133,17,27,63,18,0
"Cole Bassett","us USA","MF","Colorado",17,20,"1,062",2,1,1,0.17,0.08,0.25,1.9,0.8,0.16,0.07,24,2.03,20,1,4,0.34,3,0,621,218,15,24,62.5,15,1
"Connor Lade","us USA","DF","NY Red Bulls",29,11,"845",1,1,0,0.11,0.11,0.21,0.2,0.4,0.02,0.04,7,0.75,5,0,1,0.11,1,0,538,155,10,15,66.7,10,2
"Corey Baird","us USA","FW,MF","Real Salt Lake",23,31,"2,104",5,3,6,0.21,0.13,0.34,3.7,2,0.16,0.09,53,2.27,40,1,6,0.26,3,0,922,431,31,69,44.9,36,6
"Cory Burke","jm JAM","FW","Philadelphia",27,7,"490",2,0,2,0.37,0,0.37,1.8,0.3,0.33,0.05,12,2.2,5,0,0,0,0,0,157,92,7,10,70,7,0
"Cristhian Paredes","py PAR","MF","Portland",20,22,"1,652",4,2,2,0.22,0.11,0.33,2.8,1.6,0.15,0.09,42,2.29,33,0,2,0.11,2,0,1016,275,15,24,62.5,16,0
"Cristian Cásseres","ve VEN","MF","NY Red Bulls",19,23,"1,801",3,3,5,0.15,0.15,0.3,1.7,1.9,0.08,0.1,44,2.2,34,0,3,0.15,3,0,1176,385,21,51,41.2,23,1
"Cristian Espinoza","ar ARG","FW,MF","San Jose",23,30,"2,531",2,10,8,0.07,0.36,0.43,4.2,9.5,0.15,0.34,160,5.69,99,21,19,0.68,11,3,1794,1118,82,139,59,87,7
"Cristian Higuita","co COL","MF","Orlando City",25,9,"648",0,0,5,0,0,0,0.2,0.1,0.03,0.02,13,1.81,9,0,4,0.56,3,0,521,136,6,11,54.5,7,0
"Cristian Pavón","ar ARG","FW","LA Galaxy",23,11,"975",3,4,1,0.28,0.37,0.65,2.7,4,0.25,0.37,53,4.89,36,3,10,0.92,5,0,598,367,31,53,58.5,34,1
"Cristian Penilla","ec ECU","MF,FW","New England",27,30,"1,781",6,5,2,0.3,0.25,0.56,6.4,5,0.33,0.25,81,4.09,64,3,10,0.51,9,1,978,565,40,72,55.6,44,0
"Cristian Roldan","us USA","MF,FW","Seattle",23,29,"2,537",6,3,4,0.21,0.11,0.32,3.5,2.9,0.13,0.1,73,2.59,61,0,9,0.32,7,0,1954,584,39,52,75,41,1
"Dairon Asprilla","co COL","FW,MF","Portland",26,13,"564",2,0,1,0.32,0,0.32,3.3,0.5,0.53,0.09,18,2.87,9,0,2,0.32,1,0,268,170,18,27,66.7,19,0
"DaMarcus Beasley","us USA","DF","Houston",36,12,"1,033",0,2,0,0,0.17,0.17,0.1,0.9,0.01,0.08,15,1.31,13,2,2,0.17,2,0,778,227,5,15,33.3,7,0
"Damir Kreilach","hr CRO","MF,FW","Real Salt Lake",29,32,"2,666",6,4,6,0.2,0.14,0.34,5.3,3.8,0.18,0.13,68,2.3,55,1,7,0.24,6,0,1838,531,17,27,63,17,1
"Daniel Lovitz","us USA","DF","Montreal",27,28,"2,520",0,1,5,0,0.04,0.04,0.6,2,0.02,0.07,43,1.54,29,9,5,0.18,3,0,1822,525,37,61,60.7,42,1
"Daniel Royer","at AUT","FW","NY Red Bulls",28,31,"2,322",11,6,1,0.43,0.23,0.66,14.5,4.7,0.56,0.18,64,2.48,51,2,14,0.54,8,0,1168,651,26,41,63.4,28,1
"Dániel Sallói","hu HUN","FW,MF","Sporting KC",22,28,"1,540",1,1,1,0.06,0.06,0.12,6.4,2.2,0.38,0.13,44,2.57,36,1,3,0.18,3,0,675,377,11,21,52.4,12,2
"Daniel Steres","us USA","DF","LA Galaxy",28,30,"2,614",3,0,4,0.1,0,0.1,2.6,0.7,0.09,0.03,13,0.45,11,0,0,0,0,0,1546,83,5,7,71.4,6,0
"Danilo Acosta","us USA","DF","Orlando City",21,8,"670",0,0,1,0,0,0,0.1,0.4,0.01,0.05,8,1.07,7,1,2,0.27,2,0,413,133,8,15,53.3,10,3
"Danny Hoesen","nl NED","FW","San Jose",28,30,"1,464",5,3,1,0.31,0.18,0.49,8.7,3,0.53,0.19,50,3.07,33,0,5,0.31,3,0,569,354,16,38,42.1,19,2
"Danny Wilson","sco SCO","MF,DF","Colorado",27,20,"1,329",2,1,4,0.14,0.07,0.2,2,0.4,0.14,0.02,15,1.02,10,1,2,0.14,1,1,642,65,11,12,91.7,12,0
"Darlington Nagbe","us USA","MF","Atlanta",28,33,"2,825",2,4,2,0.06,0.13,0.19,1.2,3.7,0.04,0.12,69,2.2,64,0,8,0.25,7,0,1965,526,48,54,88.9,49,0
"Darren Mattocks","jm JAM","FW","FC Cincinnati",28,21,"1,275",3,3,0,0.21,0.21,0.42,3.5,2.4,0.25,0.17,36,2.54,22,0,5,0.35,2,0,463,252,26,46,56.5,30,2
"Darwin Cerén","sv SLV","MF","Houston",29,13,"529",1,0,1,0.17,0,0.17,0.2,0.3,0.04,0.05,12,2.04,11,1,1,0.17,1,0,385,62,9,15,60,9,0
"Darwin Quintero","co COL","MF,FW","Minnesota",31,30,"2,210",10,5,5,0.41,0.2,0.61,11.8,5.2,0.48,0.21,112,4.56,84,5,12,0.49,8,0,1330,687,76,137,55.5,83,10
"David Accam","gh GHA","FW","Philadelphia",28,8,"337",4,2,0,1.07,0.53,1.6,2.2,0.2,0.59,0.06,8,2.14,6,0,3,0.8,1,0,136,88,6,12,50,6,0
"David Guzmán","cr CRC","MF","Columbus",28,16,"1,140",0,0,6,0,0,0,0.8,0.5,0.06,0.04,5,1.29,5,0,1,0.26,1,0,204,51,1,2,50,1,0
"Dax McCarty","us USA","MF","Chicago",31,32,"2,850",1,2,4,0.03,0.06,0.09,2.1,1.6,0.07,0.05,71,2.32,60,2,6,0.2,5,0,2216,424,24,28,85.7,25,1
"DeJuan Jones","us USA","DF,MF","New England",21,20,"1,295",1,0,0,0.07,0,0.07,1.3,0.7,0.09,0.05,25,1.74,17,1,1,0.07,1,0,720,267,19,34,55.9,19,0
"Derek Cornelius","ca CAN","DF","Vancouver",21,17,"1,426",1,0,4,0.06,0,0.06,0.7,0.2,0.04,0.01,7,0.44,6,0,1,0.06,1,0,886,18,1,1,100,1,0
"Derrick Etienne","ht HAI","FW,MF","NY Red Bulls",22,11,"465",1,1,0,0.19,0.19,0.39,0.8,0.6,0.15,0.13,8,1.55,5,0,1,0.19,1,0,242,141,7,17,41.2,7,0
"Diego Campos","cr CRC","DF","Chicago",23,10,"438",0,0,1,0,0,0,0,0.3,0,0.07,6,1.55,4,2,0,0,0,0,230,79,2,2,100,2,0
"Diego Chará","co COL","MF","Portland",32,30,"2,605",0,1,12,0,0.03,0.03,1.3,1.6,0.04,0.06,67,2.31,62,0,8,0.28,8,0,2052,370,32,38,84.2,32,1
"Diego Fagúndez","uy URU","MF,FW","New England",23,25,"1,175",2,3,2,0.15,0.23,0.38,2.4,1.8,0.19,0.14,36,2.76,31,4,5,0.38,4,1,661,281,11,28,39.3,12,1
"Diego Polenta","uy URU","DF","LA Galaxy",26,28,"2,519",1,2,10,0.04,0.07,0.11,1,2.3,0.04,0.08,35,1.25,33,1,6,0.21,6,0,1677,209,16,19,84.2,16,0
"Diego Rossi","uy URU","FW","Los Angeles FC",20,34,"2,902",16,6,2,0.5,0.19,0.68,12.3,7.4,0.38,0.23,110,3.41,81,2,14,0.43,10,0,1561,1022,59,138,42.8,66,5
"Diego Rubio","cl CHI","MF,FW","Colorado",25,26,"2,066",11,4,10,0.48,0.17,0.65,5.6,3.5,0.25,0.15,73,3.18,58,0,9,0.39,5,0,1013,463,40,63,63.5,41,1
"Diego Valeri","ar ARG","MF,FW","Portland",32,31,"2,603",8,8,4,0.28,0.28,0.55,8.3,8.3,0.29,0.29,196,6.78,110,63,26,0.9,16,4,1931,1107,45,69,65.2,52,1
"Djordje Mihailovic","us USA","MF","Chicago",20,27,"1,447",3,1,4,0.19,0.06,0.25,1.7,2.4,0.11,0.16,48,3.18,31,11,2,0.13,1,1,926,333,20,27,74.1,22,0
"Dom Dwyer","us USA","FW","Orlando City",28,27,"1,614",7,3,6,0.39,0.17,0.56,8.9,1.5,0.5,0.08,26,1.45,16,1,7,0.39,4,0,445,252,10,18,55.6,10,2
"Dominique Badji","sn SEN","FW","FC Dallas",26,28,"2,041",6,3,6,0.26,0.13,0.4,7.6,2.3,0.33,0.1,48,2.12,33,0,7,0.31,4,0,717,371,27,37,73,27,0
"Donny Toia","us USA","DF","Real Salt Lake",26,24,"2,144",1,1,3,0.04,0.04,0.08,0.7,1.3,0.03,0.06,27,1.13,23,3,2,0.08,2,0,1511,317,18,24,75,20,2
"Ebenezer Ofori","gh GHA","MF","NYCFC",23,20,"1,262",2,0,2,0.14,0,0.14,0.3,0.3,0.03,0.02,20,1.54,18,0,3,0.23,3,0,822,131,31,36,86.1,32,1
"Eddie Segura","co COL","DF","Los Angeles FC",21,34,"2,955",1,0,1,0.03,0,0.03,1.4,0.1,0.04,0,15,0.46,15,0,2,0.06,2,0,2251,94,3,3,100,3,0
"Edgar Castillo","us USA","DF","New England",32,20,"1,694",0,5,2,0,0.27,0.27,0.6,2,0.03,0.11,29,1.54,28,0,5,0.27,5,0,1150,309,27,42,64.3,27,0
"Eduard Atuesta","co COL","MF","Los Angeles FC",21,30,"2,636",3,8,8,0.1,0.27,0.38,2.6,4.7,0.09,0.16,112,3.82,79,9,19,0.65,15,1,2762,673,76,110,69.1,81,2
"Efrain Alvarez","mx MEX","MF,FW","LA Galaxy",16,14,"517",0,3,2,0,0.52,0.52,0.6,0.9,0.1,0.16,17,2.96,14,0,3,0.52,3,0,333,160,11,17,64.7,11,2
"Emerson Hyndman","us USA","MF,FW","Atlanta",22,15,"984",1,1,1,0.09,0.09,0.18,1.6,0.9,0.15,0.08,26,2.38,23,0,4,0.37,3,0,523,251,11,26,42.3,12,0
"Emil Cuello","us USA","MF,FW","LA Galaxy",21,9,"190",0,2,1,0,0.95,0.95,0.3,0.9,0.14,0.41,8,3.79,6,1,1,0.47,1,0,107,50,3,7,42.9,3,0
"Emmanuel Boateng","gh GHA","FW,MF","LA Galaxy",25,21,"881",1,0,1,0.1,0,0.1,1.8,1.9,0.18,0.2,28,2.86,25,0,3,0.31,2,0,383,234,8,24,33.3,9,1
"Emmanuel Ledesma","ar ARG","FW,MF","FC Cincinnati",30,26,"1,767",6,4,4,0.31,0.2,0.51,5.2,3.1,0.27,0.16,62,3.16,39,12,10,0.51,7,0,942,416,25,32,78.1,25,2
"Erickson Gallardo","ve VEN","MF,FW","Toronto FC",25,5,"244",0,1,0,0,0.37,0.37,0.4,0.6,0.15,0.22,6,2.21,6,0,3,1.11,3,0,120,69,6,10,60,6,1
"Erik Godoy","ar ARG","DF","Vancouver",25,29,"2,596",1,1,6,0.03,0.03,0.07,0.8,0.7,0.03,0.03,14,0.49,14,0,2,0.07,2,0,1637,87,7,13,53.8,9,0
"Erik Hurtado","us USA","FW","Sporting KC",28,13,"815",2,0,1,0.22,0,0.22,3.4,0.4,0.37,0.05,17,1.88,9,0,2,0.22,0,0,288,177,12,25,48,14,0
"Ethan Finlay","us USA","FW,MF","Minnesota",28,33,"1,911",7,2,3,0.33,0.09,0.42,7.4,2.9,0.35,0.13,36,1.7,26,0,4,0.19,3,0,673,357,22,39,56.4,25,2
"Everton Luiz","br BRA","MF","Real Salt Lake",30,27,"2,106",0,2,8,0,0.09,0.09,0.8,1,0.03,0.04,34,1.45,28,0,3,0.13,2,0,1162,221,35,49,71.4,37,3
"Ezequiel Barco","ar ARG","FW,MF","Atlanta",19,15,"980",4,2,1,0.37,0.18,0.55,3.6,2.6,0.33,0.24,62,5.69,35,12,4,0.37,2,1,627,336,16,26,61.5,17,0
"Fabian Herbers","de GER","MF,FW","Chicago",25,17,"776",3,1,3,0.35,0.12,0.46,1.9,1.1,0.22,0.13,29,3.36,24,1,3,0.35,2,0,442,220,6,11,54.5,6,0
"Fabio Álvarez","ar ARG","MF,FW","LA Galaxy",26,18,"1,272",3,4,5,0.21,0.28,0.5,2.6,2.1,0.18,0.15,39,2.76,33,0,4,0.28,4,0,831,349,17,26,65.4,18,2
"Fafà Picault","us USA","FW","Philadelphia",27,32,"1,867",4,4,4,0.19,0.19,0.39,7,3.1,0.34,0.15,44,2.12,25,0,6,0.29,5,0,875,527,42,61,68.9,47,0
"Fanendo Adi","ng NGA","FW","FC Cincinnati",28,12,"695",1,0,1,0.13,0,0.13,3.3,0.1,0.42,0.01,14,1.81,8,0,1,0.13,1,0,266,131,8,11,72.7,10,1
"Fatai Alashe","us USA","MF,DF","FC Cincinnati",25,11,"434",1,0,2,0.21,0,0.21,0.5,0,0.1,0,9,1.87,7,0,0,0,0,0,195,56,2,5,40,2,0
"Federico Higuaín","ar ARG","MF","Columbus",34,14,"1,134",1,3,2,0.08,0.24,0.32,2.2,2.5,0.18,0.2,49,3.89,31,12,8,0.63,6,2,925,350,29,41,70.7,29,0
"Felipe","br BRA","MF","D.C. United",28,9,"776",0,0,1,0,0,0,0.2,0.4,0.02,0.05,15,1.74,5,10,1,0.12,0,1,740,133,5,8,62.5,5,0
"Felipe Gutiérrez","cl CHI","MF","Sporting KC",28,32,"2,723",12,1,11,0.4,0.03,0.43,9.4,4.9,0.31,0.16,96,3.17,69,11,8,0.26,5,0,1981,607,30,37,81.1,32,1
"Florian Jungwirth","de GER","DF","San Jose",30,30,"2,671",0,1,4,0,0.03,0.03,1.1,0.1,0.04,0,21,0.71,16,0,3,0.1,2,0,2048,82,1,1,100,1,0
"Francisco Calvo","cr CRC","DF","Chicago",26,23,"1,936",3,1,4,0.14,0.05,0.19,3,1.2,0.14,0.06,27,1.26,23,1,3,0.14,2,1,1500,132,20,28,71.4,21,0
"Franco Escobar","ar ARG","DF","Atlanta",23,25,"2,012",1,2,9,0.04,0.09,0.13,0.8,1.6,0.04,0.07,32,1.43,26,4,5,0.22,5,0,1411,385,23,38,60.5,29,0
"Frankie Amaya","us USA","MF","FC Cincinnati",18,19,"1,241",0,0,2,0,0,0,0.6,1.6,0.04,0.12,44,3.19,24,12,1,0.07,0,0,730,223,11,18,61.1,11,1
"Frédéric Brillant","fr FRA","DF","D.C. United",33,34,"2,962",2,1,5,0.06,0.03,0.09,2.9,0.7,0.09,0.02,17,0.52,13,1,3,0.09,2,0,1713,89,3,4,75,3,0
"Fredy Montero","co COL","FW,MF","Vancouver",31,32,"2,097",8,2,1,0.34,0.09,0.43,7.7,2.2,0.33,0.09,57,2.45,31,11,7,0.3,3,0,982,529,33,51,64.7,37,3
"Gary Mackay-Steven","sco SCO","FW,MF","NYCFC",28,12,"524",1,1,0,0.17,0.17,0.34,2,1,0.35,0.18,16,2.75,12,1,2,0.34,1,0,262,128,4,10,40,5,0
"Gastón Sauro","ar ARG","DF","Columbus",28,15,"1,285",2,0,4,0.14,0,0.14,0.7,0.8,0.05,0.06,7,0.49,5,0,0,0,0,0,790,53,1,1,100,1,0
"Gerso Fernandes","gw GNB","FW,MF","Sporting KC",27,25,"1,749",2,6,5,0.1,0.31,0.41,5.6,4.5,0.29,0.23,63,3.24,38,0,13,0.67,5,0,745,462,41,90,45.6,48,3
"Giancarlo González","cr CRC","DF","LA Galaxy",30,20,"1,429",1,0,5,0.06,0,0.06,0.7,0.2,0.04,0.01,6,0.38,4,1,1,0.06,1,0,723,23,3,4,75,3,0
"Gianluca Busio","us USA","MF","Sporting KC",16,22,"922",3,1,1,0.29,0.1,0.39,4.2,0.7,0.41,0.07,34,3.32,23,2,4,0.39,1,0,541,242,8,16,50,11,2
"Gonzalo Nicolás Martínez","ar ARG","FW,MF","Atlanta",25,32,"2,151",5,7,2,0.21,0.29,0.5,8,6.2,0.33,0.26,136,5.69,81,25,17,0.71,12,1,1612,850,70,106,66,72,9
"Greg Garza","us USA","DF","FC Cincinnati",27,13,"908",0,0,1,0,0,0,0,0.8,0,0.08,19,1.88,19,0,0,0,0,0,702,162,5,13,38.5,8,0
"Guram Kashia","ge GEO","DF","San Jose",31,23,"1,905",0,0,2,0,0,0,1.5,0.2,0.07,0.01,10,0.47,9,0,0,0,0,0,1485,39,6,7,85.7,6,1
"Gustavo Bou","ar ARG","FW,MF","New England",28,14,"1,156",9,1,1,0.7,0.08,0.78,4.1,1.1,0.32,0.08,43,3.35,28,4,6,0.47,4,0,651,422,38,69,55.1,44,7
"Gyasi Zardes","us USA","FW","Columbus",27,28,"2,478",13,2,0,0.47,0.07,0.54,14.2,2,0.52,0.07,53,1.92,38,0,5,0.18,3,0,791,434,20,52,38.5,24,1
"Handwalla Bwana","ae UAE","FW","Seattle",21,15,"567",1,1,1,0.16,0.16,0.32,0.8,1.4,0.13,0.22,16,2.54,10,1,2,0.32,1,0,288,167,18,28,64.3,19,0
"Haris Medunjanin","ba BIH","MF","Philadelphia",33,34,"3,060",1,4,6,0.03,0.12,0.15,1.2,5.7,0.04,0.17,114,3.35,76,33,14,0.41,12,2,2911,735,37,44,84.1,39,0
"Harold Cummings","pa PAN","DF","San Jose",26,16,"1,392",0,0,5,0,0,0,0.1,0.4,0,0.02,7,0.45,7,0,0,0,0,0,1080,23,11,12,91.7,11,1
"Harold Santiago Mosquera","co COL","FW,MF","FC Dallas",23,23,"1,172",3,1,0,0.23,0.08,0.31,2.6,1.7,0.2,0.13,36,2.76,25,2,6,0.46,3,0,712,350,35,52,67.3,40,1
"Harrison Afful","gh GHA","DF","Columbus",32,22,"1,904",0,2,3,0,0.09,0.09,0.8,1.4,0.04,0.07,38,1.8,28,5,4,0.19,3,1,1387,381,18,30,60,19,1
"Harry Novillo","fr FRA","FW","Montreal",26,11,"439",1,2,1,0.21,0.41,0.62,0.4,0.7,0.09,0.15,20,4.1,11,4,2,0.41,1,0,235,128,14,20,70,14,1
"Harry Shipp","us USA","FW,MF","Seattle",27,25,"1,381",5,1,1,0.33,0.07,0.39,2.4,1.1,0.16,0.07,49,3.19,37,2,6,0.39,4,0,875,319,16,26,61.5,16,1
"Hassani Dotson","us USA","DF,MF","Minnesota",21,24,"1,401",4,0,2,0.26,0,0.26,0.6,0.3,0.04,0.02,32,2.06,24,0,5,0.32,1,0,886,228,14,22,63.6,15,1
"Héber","br BRA","FW","NYCFC",27,22,"1,576",15,3,1,0.86,0.17,1.03,10.5,2.3,0.63,0.14,48,2.91,35,1,5,0.3,3,0,689,341,12,34,35.3,13,5
"Hector Jiménez","us USA","DF","Columbus",30,23,"1,623",1,2,1,0.06,0.11,0.17,0.5,1.6,0.03,0.09,23,1.28,22,0,4,0.22,4,0,1109,307,5,11,45.5,5,0
"Héctor Villalba","py PAR","FW,MF","Atlanta",24,20,"938",1,3,0,0.1,0.29,0.38,3.4,2.6,0.32,0.25,41,3.93,27,0,5,0.48,5,0,540,333,36,69,52.2,36,6
"Hwang In-beom","kr KOR","MF","Vancouver",22,34,"2,809",3,3,6,0.1,0.1,0.19,2.9,3.5,0.09,0.11,90,2.88,67,7,9,0.29,8,1,2149,541,25,43,58.1,27,2
"Ignacio Piatti","ar ARG","FW","Montreal",33,11,"757",3,1,1,0.36,0.12,0.48,2.2,0.7,0.27,0.09,24,2.85,15,1,4,0.48,1,0,382,190,13,41,31.7,15,2
"Ike Opara","us USA","DF","Minnesota",29,30,"2,566",3,1,4,0.11,0.04,0.14,2.1,1.2,0.07,0.04,18,0.63,12,1,5,0.18,2,0,1408,70,8,12,66.7,8,0
"Ilie Sánchez","es ESP","MF","Sporting KC",28,32,"2,509",2,4,7,0.07,0.14,0.22,2.3,2.1,0.08,0.07,40,1.43,39,0,7,0.25,7,0,1980,294,6,7,85.7,6,0
"Ilsinho","br BRA","FW,MF","Philadelphia",33,28,"1,083",5,5,2,0.42,0.42,0.83,2.3,2.9,0.19,0.24,60,4.99,46,0,12,1,8,0,901,516,60,107,56.1,71,2
"Ismael Tajouri-Shradi","ly LBY","FW,MF","NYCFC",24,19,"938",5,3,1,0.48,0.29,0.77,1.3,2,0.13,0.19,30,2.88,21,1,9,0.86,5,0,553,246,14,24,58.3,16,1
"Jack Elliott","eng ENG","DF","Philadelphia",23,34,"3,060",2,0,4,0.06,0,0.06,2.8,0.8,0.08,0.02,24,0.71,20,0,4,0.12,2,0,2080,119,14,16,87.5,14,0
"Jack Price","eng ENG","MF","Colorado",26,27,"2,230",1,10,9,0.04,0.4,0.44,0.2,5.7,0.01,0.23,98,3.96,45,51,13,0.52,2,11,1517,334,10,15,66.7,10,0
"Jackson Yueill","us USA","MF","San Jose",21,32,"2,668",3,4,2,0.1,0.13,0.24,2.1,3.4,0.07,0.11,92,3.1,79,9,8,0.27,8,0,2267,535,27,37,73,27,0
"Jacori Hayes","us USA","MF","FC Dallas",23,19,"846",0,2,1,0,0.21,0.21,0.4,0.3,0.04,0.03,16,1.7,13,0,2,0.21,2,0,675,118,8,10,80,9,0
"Jake Nerwinski","us USA","DF","Vancouver",24,26,"2,024",1,0,1,0.04,0,0.04,0.3,0.5,0.01,0.02,13,0.58,12,0,0,0,0,0,1233,271,31,41,75.6,33,2
"Jalil Anibaba","us USA","DF","New England",30,22,"1,762",1,0,4,0.05,0,0.05,0.4,0.2,0.02,0.01,7,0.36,5,0,2,0.1,2,0,860,45,6,8,75,6,1
"Jamiro Monteiro","cv CPV","MF","Philadelphia",25,26,"2,050",4,7,3,0.18,0.31,0.48,5.7,5.2,0.25,0.23,81,3.56,62,7,12,0.53,10,0,1682,670,67,93,72,70,2
"Ján Greguš","sk SVK","MF","Minnesota",28,30,"2,678",1,9,4,0.03,0.3,0.34,1.6,5.5,0.05,0.18,97,3.26,52,36,14,0.47,6,3,2233,605,26,39,66.7,27,0
"Jay Chapman","ca CAN","MF,FW","Toronto FC",25,17,"521",2,2,1,0.35,0.35,0.69,0.6,1.3,0.1,0.23,15,2.59,14,0,2,0.35,2,0,341,164,9,12,75,9,0
"Jeff Larentowicz","us USA","MF","Atlanta",35,27,"1,464",0,0,4,0,0,0,0.4,0.2,0.03,0.01,12,0.74,10,0,2,0.12,2,0,878,133,6,11,54.5,6,1
"Jefferson Savarino","ve VEN","FW,MF","Real Salt Lake",22,28,"2,323",8,5,1,0.31,0.19,0.5,5.5,3.1,0.21,0.12,82,3.18,61,4,12,0.46,5,0,1288,663,77,112,68.8,79,2
"Jeremiah Gutjahr","us USA","DF","Chicago",21,8,"502",0,1,1,0,0.18,0.18,0,0.3,0.01,0.07,6,1.25,5,1,1,0.21,1,0,261,81,3,4,75,3,0
"Jeremy Ebobisse","us USA","FW","Portland",21,34,"2,312",11,1,3,0.43,0.04,0.47,10.6,1.9,0.41,0.07,52,2.02,46,0,4,0.16,2,0,824,440,14,27,51.9,16,1
"Jesus Ferreira","us USA","FW,MF","FC Dallas",18,33,"2,452",8,5,4,0.29,0.18,0.48,9.1,2.7,0.33,0.1,74,2.72,59,3,13,0.48,9,0,1156,448,31,49,63.3,33,0
"Jesús Medina","py PAR","MF,FW","NYCFC",21,18,"726",3,1,1,0.37,0.12,0.5,3.7,1,0.45,0.12,23,2.85,20,0,2,0.25,2,0,451,185,6,19,31.6,7,1
"Joao Plata","ec ECU","FW,MF","Real Salt Lake",26,17,"304",1,0,0,0.3,0,0.3,1.5,0.4,0.44,0.12,11,3.26,7,1,1,0.3,0,0,266,139,10,14,71.4,10,0
"Joaquín Ardaiz","uy URU","FW","Vancouver",20,16,"404",0,0,1,0,0,0,1.8,0.1,0.39,0.01,10,2.23,4,0,1,0.22,0,0,122,69,6,10,60,7,0
"Joe Corona","us USA","MF","LA Galaxy",28,31,"2,325",1,1,6,0.04,0.04,0.08,1.3,1.6,0.05,0.06,70,2.71,58,5,5,0.19,5,0,1929,476,58,82,70.7,60,3
"Joe Gyau","us USA","FW,MF","FC Cincinnati",26,8,"460",0,0,0,0,0,0,0.5,0.1,0.1,0.01,9,1.76,6,0,2,0.39,1,0,214,108,8,15,53.3,9,0
"Joevin Jones","tt TRI","FW,DF","Seattle",27,17,"921",0,2,2,0,0.2,0.2,0.4,1.8,0.04,0.18,32,3.13,24,4,2,0.2,2,0,646,317,32,44,72.7,33,2
"Johan Kappelhof","nl NED","DF","Chicago",28,29,"2,562",0,1,5,0,0.04,0.04,0.5,0.5,0.02,0.02,19,0.67,18,1,3,0.11,2,1,1409,203,10,18,55.6,10,0
"Johnny Russell","sco SCO","FW,MF","Sporting KC",28,28,"2,115",9,6,1,0.38,0.26,0.64,5.8,7,0.25,0.3,109,4.64,57,26,14,0.6,7,2,1173,751,59,110,53.6,68,6
"Jon Erice","es ESP","MF","Vancouver",32,21,"1,752",0,1,2,0,0.05,0.05,0.2,0.8,0.01,0.04,25,1.28,24,0,3,0.15,3,0,1311,110,6,10,60,6,1
"Jonathan Bornstein","us USA","DF","Chicago",34,11,"915",0,0,1,0,0,0,0.1,0.2,0.01,0.02,7,0.69,7,0,1,0.1,1,0,557,139,5,8,62.5,5,0
"Jonathan dos Santos","mx MEX","MF","LA Galaxy",28,29,"2,546",2,3,5,0.07,0.11,0.18,1.2,3.5,0.04,0.12,73,2.58,42,26,6,0.21,2,2,2423,519,52,66,78.8,54,2
"Jonathan Lewis","us USA","FW,MF","Colorado",21,16,"899",5,3,2,0.5,0.3,0.8,2,2,0.2,0.2,30,3,22,0,3,0.3,2,0,347,200,25,35,71.4,27,0
"Jonathan Osorio","ca CAN","MF,FW","Toronto FC",26,24,"1,756",5,3,2,0.26,0.15,0.41,4.1,2,0.21,0.1,47,2.41,39,1,6,0.31,4,0,1222,535,19,29,65.5,19,1
"Jordan Hamilton","ca CAN","FW","Columbus",22,4,"56",0,0,0,0,0,0,0.1,0,0.17,0,10,1.45,5,0,0,0,0,0,216,140,3,8,37.5,4,0
"Jordan Harvey","us USA","DF","Los Angeles FC",35,30,"2,366",1,4,4,0.04,0.15,0.19,1.1,2.2,0.04,0.08,37,1.41,33,3,6,0.23,6,0,1688,476,2,8,25,2,0
"Jordan Morris","us USA","FW","Seattle",24,26,"2,049",10,6,2,0.44,0.26,0.7,8.7,4.4,0.38,0.19,51,2.24,43,0,11,0.48,9,0,887,471,34,56,60.7,39,0
"Jordy Delem","mq MTQ","MF","Seattle",25,23,"1,438",0,0,4,0,0,0,0.4,0,0.02,0,12,0.75,12,0,1,0.06,1,0,842,86,13,18,72.2,13,1
"Jorge Luis Corrales","cu CUB","DF","Chicago",27,15,"1,035",0,0,4,0,0,0,0,0.4,0,0.04,18,1.6,15,3,2,0.18,2,0,695,172,14,17,82.4,15,1
"Jorge Moreira","py PAR","DF","Portland",28,26,"2,233",2,2,7,0.08,0.08,0.16,1.2,2.3,0.05,0.09,74,2.98,61,2,7,0.28,5,0,1811,673,31,38,81.6,33,2
"Jørgen Skjelvik","no NOR","DF","LA Galaxy",27,20,"1,681",1,2,4,0.05,0.11,0.16,1,2.1,0.05,0.11,30,1.61,28,1,2,0.11,2,0,995,321,12,22,54.5,15,0
"Josef Martínez","ve VEN","FW","Atlanta",25,29,"2,581",27,3,1,0.94,0.1,1.05,23.4,2.8,0.82,0.1,97,3.38,59,0,19,0.66,7,0,910,543,35,50,70,37,1
"Josh Williams","us USA","DF","Columbus",30,16,"1,282",2,0,2,0.14,0,0.14,0.6,0,0.04,0,5,0.35,4,0,0,0,0,0,836,69,2,2,100,2,0
"Joshua Pérez","us USA","FW,MF","Los Angeles FC",21,13,"451",1,1,0,0.2,0.2,0.4,2.8,0.5,0.57,0.09,17,3.39,9,0,4,0.8,1,0,230,129,5,13,38.5,6,1
"Josué Colmán","py PAR","FW,MF","Orlando City",20,8,"154",0,1,0,0,0.58,0.58,0.1,0.6,0.07,0.35,13,7.6,8,3,2,1.17,1,1,123,69,8,8,100,8,1
"Jozy Altidore","us USA","FW","Toronto FC",29,22,"1,691",11,5,4,0.59,0.27,0.85,8.7,2.8,0.46,0.15,58,3.09,41,0,14,0.75,8,0,693,407,15,33,45.5,18,0
"Juan Agudelo","us USA","MF,FW","New England",26,28,"1,956",3,1,7,0.14,0.05,0.18,3.9,2.2,0.18,0.1,62,2.85,51,0,8,0.37,4,0,1146,481,54,94,57.4,57,3
"Juan David Cabezas","co COL","MF","Houston",27,15,"530",1,0,4,0.17,0,0.17,0.2,0,0.04,0.01,6,1.02,6,0,0,0,0,0,312,25,3,4,75,3,0
"Juan Fernando Caicedo","co COL","FW","New England",29,27,"1,067",5,2,2,0.42,0.17,0.59,4.9,1,0.41,0.09,25,2.11,16,0,4,0.34,4,0,390,202,15,31,48.4,18,0
"Judson","br BRA","MF","San Jose",25,27,"1,916",1,0,10,0.05,0,0.05,0.8,0.5,0.04,0.02,26,1.22,25,0,0,0,0,0,1390,120,8,14,57.1,9,0
"Julian Araujo","us USA","DF,FW","LA Galaxy",17,18,"890",0,1,3,0,0.1,0.1,0.5,0.6,0.05,0.06,15,1.52,13,0,2,0.2,2,0,558,222,16,28,57.1,19,0
"Julian Gressel","de GER","DF,FW","Atlanta",25,33,"2,695",6,11,3,0.2,0.37,0.57,4.7,9.2,0.16,0.31,122,4.07,89,20,13,0.43,12,0,1800,858,27,49,55.1,29,2
"Julio Cascante","cr CRC","DF","Portland",25,22,"1,439",0,1,4,0,0.06,0.06,0.9,0.7,0.06,0.04,5,0.31,4,0,1,0.06,1,0,790,27,8,8,100,8,1
"Justen Glad","us USA","DF","Real Salt Lake",21,23,"2,064",0,0,2,0,0,0,1,0.2,0.04,0.01,9,0.39,7,1,0,0,0,0,1347,37,4,5,80,4,0
"Justin Dhillon","us USA","FW","Seattle",23,5,"265",0,0,0,0,0,0,0.8,0.6,0.27,0.19,6,2.04,5,0,0,0,0,0,71,34,2,5,40,2,0
"Justin Meram","iq IRQ","DF,FW","Atlanta",30,20,"1,269",4,0,3,0.28,0,0.28,2.2,2.6,0.15,0.18,51,3.62,37,2,3,0.21,0,0,214,93,14,19,73.7,14,2
"Justin Morrow","us USA","DF","Toronto FC",31,28,"2,348",1,3,2,0.04,0.11,0.15,1.4,2.4,0.05,0.09,34,1.3,32,0,5,0.19,4,0,1651,590,17,33,51.5,19,2
"Kacper Przyby?ko","pl POL","FW","Philadelphia",25,26,"2,242",15,4,5,0.6,0.16,0.76,12.7,3.4,0.51,0.14,63,2.53,42,0,9,0.36,6,0,1108,585,37,60,61.7,41,0
"Kaku","py PAR","MF","NY Red Bulls",24,26,"1,925",5,4,0,0.23,0.19,0.42,3.7,6.5,0.17,0.3,98,4.58,78,8,10,0.47,8,0,1450,788,38,53,71.7,41,3
"Keaton Parks","us USA","MF","NYCFC",21,22,"1,317",1,1,3,0.07,0.07,0.14,2.3,1.8,0.15,0.13,39,2.67,30,0,2,0.14,2,0,1125,222,17,27,63,19,1
"Keegan Rosenberry","us USA","DF","Colorado",25,34,"3,060",1,3,3,0.03,0.09,0.12,1.1,2.8,0.03,0.08,65,1.91,48,14,7,0.21,4,0,1933,446,19,27,70.4,20,1
"Kei Kamara","sl SLE","FW","Colorado",34,29,"2,540",14,1,5,0.5,0.04,0.53,16.6,2.4,0.59,0.09,51,1.81,37,0,8,0.28,3,0,1208,556,36,58,62.1,43,0
"Kekuta Manneh","us USA","FW,MF","FC Cincinnati",24,27,"1,497",4,3,0,0.24,0.18,0.42,2.7,2.3,0.16,0.14,50,3.01,32,2,6,0.36,4,0,715,384,35,57,61.4,40,0
"Kellyn Acosta","us USA","MF","Colorado",23,31,"2,619",2,1,10,0.07,0.03,0.1,1.5,2.2,0.05,0.08,57,1.96,42,3,5,0.17,3,0,1306,382,29,46,63,31,1
"Kelvin Leerdam","nl NED","DF","Seattle",28,29,"2,409",5,2,7,0.19,0.07,0.26,2.1,2.2,0.08,0.08,40,1.49,36,2,4,0.15,3,0,1617,575,32,42,76.2,32,0
"Kemar Lawrence","jm JAM","DF","NY Red Bulls",26,22,"1,729",1,0,5,0.05,0,0.05,0.8,0.8,0.04,0.04,15,0.78,13,1,0,0,0,0,1096,317,11,13,84.6,11,1
"Ken Krolicki","us USA","MF","Montreal",22,10,"524",0,0,2,0,0,0,0.1,0.3,0.02,0.04,5,0.86,4,0,0,0,0,0,310,64,1,3,33.3,1,0
"Kendall Waston","cr CRC","DF","FC Cincinnati",31,25,"2,174",1,0,10,0.04,0,0.04,1.4,0.1,0.06,0.01,10,0.41,9,0,0,0,0,0,1476,65,5,10,50,8,0
"Kenny Saief","us USA","FW,MF","FC Cincinnati",25,9,"566",1,2,0,0.16,0.32,0.48,0.9,1.7,0.15,0.27,12,1.91,7,4,2,0.32,2,0,350,152,17,25,68,18,1
"Kevin Molino","tt TRI","FW,MF","Minnesota",28,17,"910",3,4,1,0.3,0.4,0.69,4,3.2,0.4,0.31,37,3.66,29,1,4,0.4,4,0,586,259,26,41,63.4,26,2
"Kim Kee-hee","kr KOR","DF","Seattle",29,30,"2,606",0,1,6,0,0.03,0.03,1.8,0.5,0.06,0.02,13,0.45,12,0,1,0.03,1,0,1550,99,11,14,78.6,11,0
"Krisztián Németh","hu HUN","FW","Sporting KC",30,24,"1,558",8,2,5,0.46,0.12,0.58,10.4,2.4,0.6,0.14,50,2.89,34,0,8,0.46,4,0,605,350,12,19,63.2,13,1
"Kyle Beckerman","us USA","MF","Real Salt Lake",36,25,"2,134",0,4,9,0,0.17,0.17,0.5,0.4,0.02,0.02,38,1.6,33,1,7,0.3,6,0,1580,233,11,18,61.1,11,0
"Kyle Duncan","us USA","DF","NY Red Bulls",21,13,"1,080",1,2,4,0.08,0.17,0.25,0.6,1.1,0.05,0.09,18,1.5,13,3,4,0.33,4,0,764,250,23,38,60.5,23,0
"Lalas Abubakar","gh GHA","DF","Colorado",24,22,"1,980",0,0,7,0,0,0,1.2,0.1,0.05,0,6,0.27,6,0,0,0,0,0,982,44,1,2,50,1,0
"Larrys Mabiala","cd COD","DF","Portland",31,22,"1,903",2,0,7,0.09,0,0.09,1.8,0.1,0.08,0,10,0.47,6,0,0,0,0,0,1068,57,3,3,100,3,0
"Lass Bangoura","gn GUI","FW","Vancouver",26,17,"632",1,1,1,0.14,0.14,0.28,0.3,0.8,0.04,0.11,16,2.28,9,1,2,0.28,1,0,338,168,25,42,59.5,25,0
"Lassi Lappalainen","fi FIN","MF,FW","Montreal",20,11,"683",5,0,0,0.66,0,0.66,2.9,0.1,0.38,0.02,18,2.37,11,0,2,0.26,1,0,319,163,15,30,50,16,1
"Latif Blessing","gh GHA","MF","Los Angeles FC",22,34,"2,689",6,3,7,0.2,0.1,0.3,5.9,6.1,0.2,0.2,109,3.65,77,2,17,0.57,10,0,2021,733,91,141,64.5,93,5
"Laurent Ciman","be BEL","DF","Toronto FC",33,17,"1,262",0,0,3,0,0,0,0.5,0.3,0.03,0.02,10,0.71,7,1,1,0.07,1,0,933,47,3,3,100,3,0
"Leandro González Pirez","ar ARG","DF","Atlanta",26,31,"2,700",1,0,11,0.03,0,0.03,2.2,0.3,0.07,0.01,31,1.03,23,1,3,0.1,2,0,2305,157,33,40,82.5,34,0
"Leonardo Bertone","ch SUI","MF","FC Cincinnati",24,25,"2,056",1,1,9,0.04,0.04,0.09,1,1.6,0.04,0.07,44,1.93,26,14,4,0.18,2,1,1350,225,7,15,46.7,8,1
"Leonardo Jara","ar ARG","DF","D.C. United",27,30,"2,290",1,5,5,0.04,0.2,0.24,1.6,2.4,0.06,0.09,50,1.97,38,1,8,0.31,5,0,1566,416,54,75,72,56,3
"Liam Fraser","ca CAN","MF,DF","Toronto FC",20,9,"810",0,0,3,0,0,0,0.5,0.2,0.06,0.02,17,1.89,16,1,1,0.11,1,0,806,168,7,7,100,7,0
"Lucas Rodríguez","ar ARG","FW,MF","D.C. United",21,33,"2,708",6,3,5,0.2,0.1,0.3,3.4,1.3,0.11,0.04,75,2.49,43,0,6,0.2,4,0,1426,502,77,122,63.1,81,5
"Lucas Venuto","br BRA","FW","Vancouver",24,22,"1,132",3,1,3,0.24,0.08,0.32,1.9,1.9,0.15,0.15,32,2.54,24,0,2,0.16,1,0,504,275,32,47,68.1,32,1
"Luciano Acosta","ar ARG","MF,FW","D.C. United",24,31,"2,119",6,1,0,0.25,0.04,0.3,4.6,2.8,0.19,0.12,86,3.65,64,4,8,0.34,4,0,1751,759,68,143,47.6,72,8
"Luis Argudo","us USA","FW,MF","Columbus",23,21,"1,061",1,3,1,0.08,0.25,0.34,1.9,1.5,0.16,0.13,24,2.04,17,1,5,0.42,5,0,596,243,33,59,55.9,37,1
"Luís Caicedo","co COL","MF","New England",22,31,"2,358",0,0,5,0,0,0,1.5,0.9,0.06,0.03,22,0.84,17,1,1,0.04,1,0,1295,173,6,11,54.5,8,1
"Luis Díaz","cr CRC","FW,MF","Columbus",20,13,"797",2,3,1,0.23,0.34,0.56,1,2.3,0.11,0.25,26,2.94,17,1,6,0.68,4,0,289,174,20,31,64.5,22,5
"Magnus Eriksson","se SWE","MF","San Jose",28,32,"2,807",6,7,5,0.19,0.22,0.42,5.7,7.7,0.18,0.25,179,5.74,128,31,14,0.45,13,0,2137,1067,28,45,62.2,29,1
"Maikel van der Werff","nl NED","DF","FC Cincinnati",29,11,"990",0,0,2,0,0,0,0.9,0.2,0.08,0.02,7,0.64,6,0,0,0,0,0,582,17,2,3,66.7,2,0
"Marc Rzatkowski","de GER","MF,FW","NY Red Bulls",28,28,"2,319",2,3,4,0.08,0.12,0.19,2.2,5.1,0.09,0.2,97,3.76,55,34,15,0.58,11,3,1597,690,25,42,59.5,28,3
"Marcelo Silva","uy URU","DF","Real Salt Lake",29,19,"1,341",2,0,3,0.13,0,0.13,0.3,0.2,0.02,0.01,8,0.54,8,0,0,0,0,0,743,17,2,3,66.7,3,0
"Marco Fabián","mx MEX","MF,FW","Philadelphia",29,23,"1,248",7,1,5,0.5,0.07,0.58,6.9,2.1,0.5,0.15,52,3.75,32,8,5,0.36,4,0,977,506,22,38,57.9,24,2
"Marcos López","pe PER","DF","San Jose",19,18,"1,167",0,0,7,0,0,0,0.6,1.6,0.05,0.12,33,2.54,25,5,3,0.23,2,1,895,254,12,19,63.2,13,1
"Mark-Anthony Kaye","ca CAN","MF","Los Angeles FC",24,31,"2,502",4,8,7,0.14,0.29,0.43,3,6.2,0.11,0.22,108,3.88,91,5,11,0.4,9,0,2291,640,59,88,67,62,5
"Marky Delgado","us USA","MF","Toronto FC",23,30,"2,554",2,5,4,0.07,0.18,0.25,2.5,3.5,0.09,0.12,86,3.03,76,1,14,0.49,13,0,2164,759,21,38,55.3,21,3
"Marlon Hairston","us USA","FW","Houston",24,12,"411",0,0,0,0,0,0,0.7,0.6,0.15,0.13,11,2.41,9,0,1,0.22,1,0,182,96,2,6,33.3,2,0
"Marvin Loría","cr CRC","FW","Portland",21,19,"700",2,0,3,0.26,0,0.26,1.1,0.8,0.14,0.1,28,3.6,21,1,4,0.51,2,1,427,267,19,23,82.6,20,0
"Mason Toye","us USA","FW","Minnesota",20,17,"821",6,2,2,0.66,0.22,0.88,4.1,1.2,0.45,0.14,8,0.88,6,0,3,0.33,2,0,252,110,6,6,100,6,0
"Mathieu Choiniere","ca CAN","FW,MF","Montreal",19,17,"681",0,1,1,0,0.13,0.13,0.5,0.3,0.06,0.05,17,2.25,8,0,2,0.26,1,0,336,161,15,24,62.5,16,0
"Mathieu Deplagne","fr FRA","DF","FC Cincinnati",27,33,"2,878",1,1,4,0.03,0.03,0.06,2.4,1,0.08,0.03,31,0.97,24,3,4,0.13,2,0,1884,400,25,38,65.8,26,2
"Matt Besler","us USA","DF","Sporting KC",31,27,"2,114",0,0,4,0,0,0,0.1,0.5,0,0.02,20,0.85,19,1,0,0,0,0,1749,43,4,5,80,4,1
"Matt Hedges","us USA","DF","FC Dallas",28,33,"2,883",1,0,5,0.03,0,0.03,1.6,0.6,0.05,0.02,12,0.37,11,0,2,0.06,1,0,2259,49,13,14,92.9,14,1
"Mauro Manotas","co COL","FW","Houston",23,32,"2,540",13,7,1,0.46,0.25,0.71,14.7,5.9,0.52,0.21,76,2.69,59,3,13,0.46,11,0,978,554,26,50,52,29,3
"Maxime Chanot","lu LUX","DF","NYCFC",29,31,"2,790",0,0,11,0,0,0,0.7,0.2,0.02,0.01,8,0.27,6,1,1,0.03,0,0,1969,42,12,13,92.3,12,2
"Maximiliano Moralez","ar ARG","MF,FW","NYCFC",31,29,"2,437",7,12,7,0.26,0.44,0.7,9.3,9.4,0.36,0.36,165,6.33,124,24,22,0.84,19,0,1979,811,36,64,56.3,39,1
"Maximiliano Urruti","ar ARG","FW","Montreal",27,31,"2,438",4,6,5,0.15,0.22,0.37,4.6,2.9,0.17,0.11,63,2.33,40,6,11,0.41,7,1,937,513,43,75,57.3,47,0
"Maynor Figueroa","hn HON","DF","Houston",35,25,"2,249",0,1,6,0,0.04,0.04,0.8,1.4,0.03,0.05,33,1.32,26,0,4,0.16,3,0,1622,121,14,14,100,14,0
"Memo Rodriguez","us USA","FW,MF","Houston",23,26,"1,390",7,2,3,0.45,0.13,0.58,6.1,2.1,0.4,0.13,62,4.01,36,10,7,0.45,5,0,778,432,21,38,55.3,22,0
"Michael Amir Murillo","pa PAN","DF","NY Red Bulls",22,22,"1,693",1,3,6,0.05,0.16,0.21,0.4,1.8,0.02,0.1,43,2.29,31,2,10,0.53,6,0,1265,400,43,67,64.2,43,2
"Michael Barrios","co COL","FW","FC Dallas",27,32,"2,731",5,13,6,0.16,0.43,0.59,5.1,10.5,0.17,0.35,129,4.25,87,26,19,0.63,14,2,1412,936,45,101,44.6,52,8
"Michael Boxall","nz NZL","DF","Minnesota",30,29,"2,577",2,0,3,0.07,0,0.07,1.4,0.4,0.05,0.01,11,0.38,8,0,0,0,0,0,1294,56,5,5,100,5,0
"Michael Bradley","us USA","MF","Toronto FC",31,27,"2,372",3,1,4,0.11,0.04,0.15,2.4,1.1,0.09,0.04,58,2.2,42,13,5,0.19,3,0,2315,381,19,27,70.4,22,0
"Michaell Chirinos","hn HON","MF,FW","Vancouver",23,7,"412",1,1,2,0.22,0.22,0.44,1.6,0.2,0.34,0.05,14,3.06,8,0,2,0.44,1,0,202,104,8,15,53.3,9,0
"Micheal Azira","ug UGA","MF","Chicago",31,4,"216",0,0,1,0,0,0,0.3,0.1,0.13,0.05,24,1.5,23,0,3,0.19,3,0,799,176,9,15,60,10,0
"Miguel Ibarra","us USA","FW,MF","Minnesota",28,22,"1,505",1,1,4,0.06,0.06,0.12,2.4,2.5,0.15,0.15,34,2.03,30,0,5,0.3,4,0,766,325,5,9,55.6,5,1
"Mo Adams","eng ENG","MF","Chicago",22,10,"484",0,0,4,0,0,0,0,0.4,0.01,0.07,7,1.49,6,0,1,0.21,1,0,78,23,1,6,16.7,1,0
"Mohamed El Monir","ly LBY","DF","Los Angeles FC",26,15,"582",1,0,2,0.15,0,0.15,0.6,1.3,0.1,0.2,21,3.25,11,3,2,0.31,1,0,577,227,25,38,65.8,28,4
"Nani","pt POR","FW,MF","Orlando City",32,30,"2,278",12,5,4,0.47,0.2,0.67,7.9,6.9,0.31,0.27,123,4.86,78,21,12,0.47,9,0,1680,878,83,121,68.6,87,7
"Nedum Onuoha","eng ENG","DF","Real Salt Lake",32,27,"2,336",1,0,2,0.04,0,0.04,0.7,0.3,0.03,0.01,13,0.5,10,0,0,0,0,0,1318,39,13,16,81.3,13,0
"Nemanja Nikoli?","hu HUN","FW","Chicago",31,31,"2,003",12,0,3,0.54,0,0.54,12.8,2.4,0.6,0.11,38,1.77,33,0,1,0.05,0,0,610,313,6,15,40,7,0
"Nick Besler","us USA","MF","Real Salt Lake",25,17,"727",1,1,4,0.12,0.12,0.25,0.9,0.7,0.11,0.08,16,1.98,16,0,3,0.37,3,0,446,64,4,5,80,4,0
"Nick DeLeon","us USA","MF,FW","Toronto FC",28,32,"1,856",6,1,2,0.29,0.05,0.34,4.4,2.4,0.21,0.12,47,2.28,38,2,5,0.24,4,0,1173,524,32,58,55.2,35,2
"Nick Hagglund","us USA","DF","FC Cincinnati",26,22,"1,801",0,0,2,0,0,0,1.1,0.1,0.05,0.01,11,0.55,9,0,0,0,0,0,1172,35,7,11,63.6,7,0
"Nick Lima","us USA","DF","San Jose",24,24,"1,810",1,2,4,0.05,0.1,0.15,0.5,1.5,0.02,0.07,41,2.04,33,3,2,0.1,2,0,1163,372,25,45,55.6,31,2
"Nicolas Benezet","fr FRA","FW,MF","Toronto FC",27,8,"438",2,0,2,0.41,0,0.41,2.2,0.2,0.45,0.04,12,2.47,9,0,0,0,0,0,324,149,7,16,43.8,8,0
"Nicolás Gaitán","ar ARG","MF","Chicago",30,27,"2,013",4,11,2,0.18,0.49,0.67,5.6,5.8,0.26,0.27,102,4.77,60,32,16,0.75,9,5,1242,607,46,62,74.2,49,4
"Nicolas Hasler","li LIE","DF","Sporting KC",27,9,"634",0,0,0,0,0,0,0,0.7,0.01,0.09,14,1.99,13,0,1,0.14,1,0,470,97,7,11,63.6,8,1
"Nicolás Lodeiro","uy URU","MF","Seattle",29,28,"2,500",7,7,7,0.25,0.25,0.5,6.3,9.8,0.23,0.35,145,5.22,87,41,18,0.65,10,3,2536,1151,34,79,43,40,9
"Nicolás Mezquida","uy URU","MF,FW","Colorado",27,32,"1,405",4,3,4,0.26,0.19,0.45,4.6,3.5,0.3,0.22,65,4.16,41,8,8,0.51,5,2,893,464,32,49,65.3,33,1
"Niko Hansen","dk DEN","MF,DF","Columbus",24,9,"246",0,0,1,0,0,0,0,0.2,0,0.07,9,3.29,8,0,1,0.37,1,0,162,79,5,10,50,5,0
"Ola Kamara","no NOR","FW","D.C. United",29,5,"257",3,0,0,1.05,0,1.05,1.5,0.2,0.52,0.09,5,1.75,3,0,2,0.7,1,0,100,50,2,3,66.7,2,0
"Omar Browne","pa PAN","FW,MF","Montreal",24,10,"564",2,1,1,0.32,0.16,0.48,1.3,1.2,0.21,0.18,25,3.99,13,4,4,0.64,2,0,354,212,22,38,57.9,23,2
"Omar Gonzalez","us USA","DF","Toronto FC",30,14,"1,260",1,1,0,0.07,0.07,0.14,0.5,0.1,0.04,0.01,9,0.64,6,0,2,0.14,1,0,910,27,2,2,100,2,0
"Omir Fernandez","us USA","FW,MF","NY Red Bulls",19,18,"567",2,1,0,0.32,0.16,0.48,2.3,1,0.36,0.16,18,2.86,14,0,2,0.32,2,0,268,144,4,16,25,7,0
"Orji Okwonkwo","ng NGA","FW,MF","Montreal",21,28,"1,784",8,2,4,0.4,0.1,0.5,5.7,2.2,0.29,0.11,45,2.27,33,0,4,0.2,3,0,755,421,36,63,57.1,41,2
"Osvaldo Alonso","cu CUB","MF","Minnesota",33,27,"2,368",2,0,4,0.08,0,0.08,0.6,1,0.02,0.04,51,1.94,44,2,1,0.04,1,0,1724,224,34,49,69.4,35,2
"Pablo Aránguiz","cl CHI","MF,FW","FC Dallas",21,11,"562",0,0,0,0,0,0,1.1,0.4,0.18,0.06,18,2.88,14,2,1,0.16,0,0,384,172,8,18,44.4,9,2
"Patrick Mullins","us USA","FW","Toronto FC",26,8,"345",2,0,0,0.52,0,0.52,1.3,0.3,0.33,0.07,6,2.74,4,0,0,0,0,0,139,75,1,1,100,1,0
"Paul Arriola","us USA","FW,MF","D.C. United",23,29,"2,434",6,2,6,0.22,0.07,0.3,6,3.6,0.22,0.13,77,2.85,53,2,7,0.26,4,0,1377,641,48,92,52.2,56,3
"Paul Marie","fr FRA","DF","San Jose",23,9,"344",0,1,1,0,0.26,0.26,0.4,0.4,0.12,0.11,8,2.09,5,1,1,0.26,1,0,224,84,7,10,70,8,0
"Paxton Pomykal","us USA","MF","FC Dallas",19,25,"1,878",2,2,4,0.1,0.1,0.19,2.5,3.3,0.12,0.16,72,3.45,54,4,7,0.34,6,0,1336,441,25,38,65.8,27,0
"Pedro Santos","pt POR","FW,MF","Columbus",30,33,"2,766",11,5,7,0.36,0.16,0.52,5.7,6.2,0.18,0.2,113,3.68,61,18,14,0.46,8,1,1713,898,70,116,60.3,75,2
"Przemys?aw Frankowski","pl POL","FW,MF","Chicago",23,31,"2,300",5,7,3,0.2,0.27,0.47,6.6,5.6,0.26,0.22,87,3.43,73,3,16,0.63,11,3,1330,730,34,64,53.1,37,1
"Quincy Amarikwa","us USA","FW","D.C. United",31,23,"411",1,0,3,0.22,0,0.22,1.2,0.6,0.27,0.12,9,1.97,7,0,0,0,0,0,195,105,8,15,53.3,9,0
"Raheem Edwards","ca CAN","DF","Chicago",23,4,"244",1,0,2,0.37,0,0.37,0.5,0.2,0.19,0.09,8,2.95,6,0,0,0,0,0,173,50,6,8,75,6,2
"Rashawn Dally","jm JAM","FW","FC Cincinnati",22,12,"546",1,0,0,0.16,0,0.16,1.3,0.5,0.21,0.08,7,1.15,6,0,0,0,0,0,216,100,10,20,50,11,1
"Raúl Ruidíaz","pe PER","FW","Seattle",28,22,"1,796",11,2,0,0.55,0.1,0.65,12.3,2.5,0.62,0.13,34,1.7,23,0,9,0.45,5,0,612,324,32,46,69.6,36,1
"Ray Gaddis","us USA","DF","Philadelphia",29,34,"2,963",0,1,2,0,0.03,0.03,0.5,0.9,0.01,0.03,29,0.88,26,1,2,0.06,2,0,1929,539,31,49,63.3,35,1
"Rece Buckmaster","us USA","DF","NY Red Bulls",22,6,"540",0,0,1,0,0,0,0.1,0.3,0.02,0.06,9,1.5,9,0,0,0,0,0,351,96,4,7,57.1,4,1
"Reggie Cannon","us USA","DF","FC Dallas",20,28,"2,269",1,1,7,0.04,0.04,0.08,0.6,1.6,0.02,0.06,35,1.39,31,1,4,0.16,4,0,1613,468,20,43,46.5,23,3
"Reto Ziegler","ch SUI","DF","FC Dallas",33,32,"2,880",5,0,6,0.16,0,0.16,5.2,0.4,0.16,0.01,25,0.78,21,2,0,0,0,0,2320,100,0,4,0,0,0
"Richie Laryea","ca CAN","DF","Toronto FC",24,20,"1,468",1,2,6,0.06,0.12,0.18,1.3,1.7,0.08,0.11,35,2.15,17,0,5,0.31,2,0,935,360,33,51,64.7,34,0
"Robin Jansson","se SWE","DF","Orlando City",27,28,"2,421",0,0,6,0,0,0,0.7,0,0.03,0,6,0.22,4,0,0,0,0,0,1254,31,2,2,100,2,0
"Robin Lod","fi FIN","FW,MF","Minnesota",25,10,"583",0,0,0,0,0,0,1.2,0.3,0.18,0.04,19,2.93,18,0,0,0,0,0,286,134,7,13,53.8,8,0
"Roger Espinoza","hn HON","MF","Sporting KC",32,16,"1,147",0,1,5,0,0.08,0.08,1,1.5,0.08,0.12,37,2.9,32,1,3,0.24,3,0,656,243,13,19,68.4,14,1
"Roland Lamah","be BEL","MF,FW","FC Cincinnati",31,28,"1,782",1,3,0,0.05,0.15,0.2,2.2,2.1,0.11,0.11,53,2.68,35,3,8,0.4,4,0,868,418,36,59,61,42,2
"Rolf Feltscher","ve VEN","DF","LA Galaxy",28,25,"2,184",1,3,7,0.04,0.12,0.16,1.8,3.5,0.07,0.14,48,1.98,43,3,5,0.21,5,0,1494,546,17,28,60.7,19,1
"Romain Alessandrini","fr FRA","FW","LA Galaxy",29,5,"282",0,0,1,0,0,0,0.5,0.3,0.15,0.1,16,5.11,9,6,3,0.96,3,0,248,165,7,11,63.6,7,0
"Romain Métanire","mg MAD","DF","Minnesota",28,27,"2,430",1,4,5,0.04,0.15,0.19,0.3,3.3,0.01,0.12,80,2.96,69,9,7,0.26,6,0,1948,689,56,75,74.7,58,2
"Romario Ibarra","ec ECU","FW","Minnesota",24,8,"381",2,0,1,0.47,0,0.47,1.2,0.2,0.28,0.06,6,1.42,5,0,2,0.47,2,0,139,74,7,10,70,9,0
"Romario Williams","jm JAM","FW,MF","Columbus",24,7,"122",1,0,0,0.74,0,0.74,0.6,0.3,0.46,0.24,5,3.69,4,0,0,0,0,0,48,25,2,2,100,2,0
"Romell Quioto","hn HON","FW","Houston",27,18,"793",2,2,5,0.23,0.23,0.45,2.3,2.6,0.26,0.29,38,4.31,22,5,4,0.45,2,0,481,282,17,38,44.7,22,0
"Rónald Matarrita","cr CRC","DF","NYCFC",24,24,"1,979",1,1,7,0.05,0.05,0.09,1.7,2.7,0.08,0.12,52,2.4,34,13,3,0.14,3,0,1653,461,38,56,67.9,42,3
"Rudy Camacho","fr FRA","DF","Montreal",27,17,"1,464",1,0,4,0.06,0,0.06,1,0.3,0.06,0.02,8,0.49,7,1,0,0,0,0,1159,53,10,10,100,10,0
"Russell Canouse","us USA","MF,DF","D.C. United",23,26,"2,149",0,0,5,0,0,0,0.5,0.4,0.02,0.02,23,0.96,21,0,1,0.04,1,0,1497,198,10,19,52.6,10,0
"Ryan Hollingshead","us USA","DF","FC Dallas",27,34,"2,961",6,1,3,0.18,0.03,0.21,3.7,1.9,0.11,0.06,61,1.85,46,3,7,0.21,4,0,2252,573,46,77,59.7,51,0
"Saad Abdul-Salaam","us USA","DF","Seattle",27,18,"1,060",0,0,2,0,0,0,0.2,0.7,0.01,0.06,13,1.1,11,1,0,0,0,0,673,162,13,16,81.3,13,0
"Sacha Kljestan","us USA","MF,FW","Orlando City",33,23,"1,351",1,3,3,0.07,0.2,0.27,2.1,2.1,0.14,0.14,45,3,35,4,5,0.33,4,0,1051,473,16,25,64,16,2
"Sam Johnson","lr LBR","FW","Real Salt Lake",25,24,"1,301",9,0,1,0.62,0,0.62,4.8,0.3,0.33,0.02,19,1.31,16,0,2,0.14,1,0,428,201,11,17,64.7,11,0
"Sam Nicholson","sco SCO","FW,MF","Colorado",24,27,"1,770",2,3,2,0.1,0.15,0.25,3.6,2.6,0.18,0.13,53,2.69,32,1,6,0.31,5,0,787,428,44,73,60.3,46,0
"Santiago Patiño","us USA","FW","Orlando City",21,11,"322",2,1,1,0.56,0.28,0.84,2.4,1.1,0.66,0.3,9,2.52,5,0,1,0.28,1,0,104,52,3,6,50,3,0
"Saphir Taïder","dz ALG","MF,FW","Montreal",26,32,"2,728",9,7,2,0.3,0.23,0.53,8.7,5.1,0.29,0.17,108,3.56,62,28,13,0.43,7,3,2192,880,59,90,65.6,61,3
"Scott Caldwell","us USA","MF","New England",27,20,"1,079",0,0,2,0,0,0,0.1,0.3,0,0.03,19,1.58,16,0,2,0.17,2,0,665,145,2,11,18.2,2,0
"Scott Sutter","ch SUI","DF","Vancouver",32,16,"978",1,0,0,0.09,0,0.09,0.3,0.7,0.03,0.06,13,1.2,11,1,0,0,0,0,666,192,8,12,66.7,8,0
"Sean Davis","us USA","MF","NY Red Bulls",25,30,"2,557",0,1,0,0,0.04,0.04,0.6,1.6,0.02,0.06,51,1.8,42,8,3,0.11,2,1,1905,408,17,19,89.5,17,0
"Sebastián Blanco","ar ARG","FW,MF","Portland",30,30,"2,513",6,10,8,0.21,0.36,0.57,6.5,9.3,0.23,0.33,162,5.8,121,5,17,0.61,14,0,2024,1041,69,108,63.9,73,2
"Sebastian Lletget","us USA","MF,FW","LA Galaxy",26,29,"2,317",3,5,4,0.12,0.19,0.31,2.3,3.4,0.09,0.13,69,2.68,47,11,8,0.31,6,2,1653,628,32,39,82.1,34,3
"Sebastián Saucedo","us USA","FW,MF","Real Salt Lake",22,26,"1,191",2,4,6,0.15,0.3,0.45,1.6,1.9,0.12,0.15,63,4.76,35,8,7,0.53,4,0,764,379,44,71,62,48,1
"Sebastien Ibeagha","us USA","DF","NYCFC",27,23,"1,108",0,0,1,0,0,0,0.1,0,0,0,4,0.33,4,0,0,0,0,0,665,12,3,3,100,3,0
"Sergio Santos Gomes","br BRA","FW,MF","Philadelphia",24,17,"620",4,1,2,0.58,0.15,0.73,3.5,0.5,0.5,0.07,21,3.05,12,0,4,0.58,1,0,301,200,16,24,66.7,17,1
"Shamit Shome","ca CAN","MF","Montreal",21,27,"1,626",1,1,3,0.06,0.06,0.11,2,0.9,0.11,0.05,26,1.44,21,1,3,0.17,3,0,796,228,12,21,57.1,13,1
"Shea Salinas","us USA","MF,DF","San Jose",32,28,"1,336",6,3,3,0.4,0.2,0.61,4.9,3.5,0.33,0.23,62,4.18,53,1,7,0.47,3,0,845,394,33,54,61.1,37,3
"Steve Birnbaum","us USA","DF","D.C. United",28,34,"3,032",1,0,5,0.03,0,0.03,2,0.4,0.06,0.01,19,0.56,12,0,2,0.06,0,0,1806,106,3,4,75,3,0
"Steven Beitashour","ir IRN","DF","Los Angeles FC",31,25,"1,882",1,2,3,0.05,0.1,0.14,1,1.7,0.05,0.08,28,1.34,28,0,2,0.1,2,0,1368,365,8,13,61.5,8,3
"Tajon Buchanan","ca CAN","MF","New England",19,10,"389",0,2,0,0,0.46,0.46,0.8,1,0.19,0.23,10,2.31,7,0,4,0.93,2,0,137,90,9,18,50,10,1
"Teal Bunbury","us USA","FW,MF","New England",28,32,"2,193",6,2,2,0.25,0.08,0.33,7,1.7,0.29,0.07,57,2.34,42,0,9,0.37,2,0,941,523,33,58,56.9,34,0
"Tesho Akindele","ca CAN","FW","Orlando City",26,28,"1,880",10,1,1,0.48,0.05,0.53,8.8,1.6,0.42,0.08,53,2.54,41,0,6,0.29,4,0,808,411,18,36,50,20,2
"Theo Bair","ca CAN","FW,MF","Vancouver",19,17,"823",2,2,1,0.22,0.22,0.44,1.7,0.7,0.19,0.07,13,1.42,12,0,2,0.22,2,0,304,133,7,13,53.8,7,0
"Thomas McNamara","us USA","MF,FW","Houston",27,33,"1,530",2,3,3,0.12,0.18,0.29,2.1,1.6,0.12,0.09,41,2.41,38,0,4,0.24,4,0,701,306,9,19,47.4,10,0
"Tom Barlow","us USA","FW","NY Red Bulls",23,12,"605",3,0,0,0.45,0,0.45,3.5,0.4,0.52,0.06,11,1.64,9,0,1,0.15,1,0,188,100,2,3,66.7,2,0
"Tomás Conechny","ar ARG","FW,MF","Portland",20,16,"345",1,2,2,0.26,0.52,0.78,1.2,1.7,0.31,0.44,15,3.91,11,1,4,1.04,3,0,288,159,9,20,45,9,0
"Tomás Martínez","ar ARG","MF,FW","Houston",23,33,"2,330",5,2,2,0.19,0.08,0.27,3.5,2.7,0.14,0.1,94,3.63,69,3,13,0.5,10,1,1396,624,41,76,53.9,43,5
"Tommy Smith","nz NZL","DF","Colorado",28,27,"2,414",3,2,3,0.11,0.07,0.19,3.2,0.4,0.12,0.01,15,0.56,12,1,5,0.19,3,0,1097,65,3,3,100,3,0
"Tommy Thompson","us USA","DF","San Jose",23,30,"2,296",2,1,7,0.08,0.04,0.12,0.5,1.4,0.02,0.05,60,2.35,43,4,8,0.31,5,1,1726,477,45,68,66.2,51,1
"Tosaint Ricketts","ca CAN","FW","Vancouver",31,8,"482",1,1,1,0.19,0.19,0.37,2.2,0.2,0.41,0.03,11,2.05,11,0,2,0.37,2,0,127,64,4,5,80,4,0
"Tristan Blackmon","us USA","DF","Los Angeles FC",22,18,"1,377",1,4,3,0.07,0.26,0.33,0.7,1.5,0.05,0.1,27,1.76,22,1,5,0.33,5,0,1157,215,15,23,65.2,16,0
"Tsubasa Endoh","jp JPN","FW,MF","Toronto FC",25,13,"880",3,2,1,0.31,0.2,0.51,1.8,1.2,0.18,0.13,20,2.05,14,6,3,0.31,3,0,424,250,9,13,69.2,9,0
"Ulises Segura","cr CRC","FW,DF","D.C. United",25,33,"1,788",3,2,1,0.15,0.1,0.25,2.8,2.4,0.14,0.12,38,1.91,26,0,3,0.15,1,0,1020,391,43,66,65.2,43,3
"Uriel Antuna","mx MEX","FW,MF","LA Galaxy",21,31,"2,429",6,5,1,0.22,0.19,0.41,8.9,4.3,0.33,0.16,67,2.48,54,0,9,0.33,5,0,1121,704,40,80,50,47,1
"Valentín Castellanos","ar ARG","FW","NYCFC",20,30,"2,054",11,6,7,0.48,0.26,0.74,7,3.1,0.32,0.14,69,3.13,49,0,14,0.64,7,0,855,507,34,55,61.8,36,6
"Valeri Qazaishvili","ge GEO","FW,MF","San Jose",26,32,"2,097",8,5,1,0.34,0.21,0.56,7,3.2,0.3,0.14,110,4.72,68,0,14,0.6,7,0,1254,668,110,144,76.4,114,2
"Víctor Cabrera","ar ARG","DF","Montreal",25,16,"1,178",0,0,2,0,0,0,0.3,0.1,0.02,0,5,0.38,5,0,1,0.08,1,0,950,43,7,12,58.3,9,0
"Víctor Rodríguez","es ESP","FW,MF","Seattle",29,17,"1,126",2,3,1,0.16,0.24,0.4,3.1,3.2,0.25,0.26,46,3.68,36,2,8,0.64,5,0,763,422,20,46,43.5,23,1
"Victor Ulloa","us USA","MF","FC Cincinnati",26,26,"1,945",1,1,4,0.05,0.05,0.09,0.4,1.6,0.02,0.08,38,1.76,30,7,2,0.09,1,1,1353,255,11,24,45.8,13,1
"Vincent Bezecourt","fr FRA","MF","NY Red Bulls",25,8,"453",0,0,0,0,0,0,0.3,0.4,0.07,0.08,11,2.19,9,1,1,0.2,1,0,212,119,4,8,50,4,0
"Walker Zimmerman","us USA","DF","Los Angeles FC",25,25,"2,168",1,0,8,0.04,0,0.04,1.2,0.3,0.05,0.01,16,0.66,14,0,1,0.04,1,0,1573,82,7,12,58.3,8,0
"Warren Creavalle","us USA","MF","Philadelphia",28,13,"364",0,1,0,0,0.25,0.25,0,0.7,0.01,0.16,13,3.21,10,0,2,0.49,2,0,191,51,4,4,100,4,0
"Waylon Francis","cr CRC","DF","Columbus",28,17,"1,383",0,0,3,0,0,0,0.1,0.6,0.01,0.04,12,0.78,9,1,2,0.13,1,0,989,272,5,8,62.5,6,0
"Wayne Rooney","eng ENG","FW","D.C. United",33,28,"2,319",11,7,5,0.43,0.27,0.7,11.6,6.4,0.45,0.25,128,4.97,64,47,13,0.5,6,4,1417,622,25,34,73.5,25,2
"Wilfried Zahibo","cf CTA","MF","New England",25,24,"1,505",1,1,8,0.06,0.06,0.12,1.3,0.4,0.08,0.03,25,1.5,20,0,3,0.18,2,0,982,136,14,23,60.9,17,0
"Will Bruin","us USA","FW","Seattle",29,9,"428",2,1,1,0.42,0.21,0.63,1.5,0,0.31,0.01,4,0.84,4,0,2,0.42,2,0,142,72,1,2,50,1,0
"Will Johnson","ca CAN","MF","Orlando City",32,21,"1,698",1,1,2,0.05,0.05,0.11,1.8,0.4,0.09,0.02,24,1.27,20,1,1,0.05,1,0,1097,235,10,11,90.9,10,0
"Yohan Croizet","fr FRA","FW,DF","Sporting KC",26,20,"1,091",3,1,4,0.25,0.08,0.33,2.1,0.7,0.18,0.06,29,2.39,18,3,4,0.33,3,0,602,263,32,51,62.7,37,2
"Yordy Reyna","pe PER","FW,MF","Vancouver",25,25,"1,990",7,1,5,0.32,0.05,0.36,4.8,2.8,0.22,0.13,77,3.48,48,8,6,0.27,2,1,989,488,49,87,56.3,53,3
"Youness Mokhtar","ma MAR","FW","Columbus",27,8,"442",1,0,1,0.2,0,0.2,1.1,1.5,0.23,0.3,19,3.87,13,3,2,0.41,1,0,245,106,9,19,47.4,11,2
"Zachary Brault-Guillard","ca CAN","DF","Montreal",20,13,"871",0,1,1,0,0.1,0.1,0.6,1.5,0.07,0.16,26,2.69,15,5,1,0.1,1,0,666,209,10,20,50,12,1
"Zakaria Diallo","fr FRA","DF","Montreal",32,24,"2,036",3,2,2,0.13,0.09,0.22,1.9,0.7,0.08,0.03,12,0.53,10,1,3,0.13,3,0,1528,57,11,14,78.6,12,1
"Zden?k Ondrášek","cz CZE","FW","FC Dallas",30,18,"747",7,2,2,0.84,0.24,1.08,4.5,1.3,0.54,0.16,22,2.65,17,0,4,0.48,2,0,258,136,3,5,60,5,0
"Zlatan Ibrahimovi?","se SWE","FW","LA Galaxy",37,29,"2,610",30,7,7,1.03,0.24,1.28,23.4,6.2,0.81,0.21,103,3.55,73,0,18,0.62,7,0,1340,850,25,42,59.5,26,0
